{
  "fx": 2700.0,
  "fy": 2700.0,
  "cx": 1927.764404,
  "cy": 1096.686646,
  "width": 3848,
  "height": 2168,
  "k1": -0.15,
  "k2": 0.02,
  "k3": -0.005,
  "k4": 0.001
}
